{"train_0_0": 680152.4542151453, "val_0_0": 171299.02402119662, "train_1_0": 682751.4789920236, "val_1_0": 173570.76561027387, "train_2_0": 685689.8200910584, "val_2_0": 174998.79358613276}