{"train_0_0": 680864.7848168941, "val_0_0": 170240.08304544786}